{"cameraMode":{"drawMode":0,"name":"Shaded","section":"Shading Mode"},"sceneLighting":false,"audioPlay":false,"sceneViewState":{"m_AlwaysRefresh":false,"showFog":true,"showSkybox":false,"showFlares":true,"showImageEffects":true,"showParticleSystems":true,"showVisualEffectGraphs":true,"m_FxEnabled":true},"in2DMode":false,"pivot":{"x":0.008832305669784546,"y":3.980440616607666,"z":-0.39019107818603518},"rotation":{"x":0.0031785157043486835,"y":0.9963551163673401,"z":-0.04276984930038452,"w":0.07396183907985687},"size":3.4311580657958986,"orthographic":false}